Workbook

Sheet NSDS Status (Consolidated)
A1: NSDS Status — Consolidated & Updated (base: PARIS21 NSDS Summary Table 2024)
A2: Sources: PARIS21 NSDS Summary Table (Jan 2026) where available; manual web checks (May 2026) for countries dropped from PARIS21's 2026 edition. '*' = non-IDA country in the original PARIS21 table.
A3: Region | B3: Country | C3: NSDS in 2024 table | D3: 2024 range | E3: Most current NSDS | F3: Current range | G3: Current status | H3: Covers 2026? | I3: Category | J3: Source | K3: Notes
A4: Africa | B4: Algeria* | C4: SNDS | D4: — | E4: SNDS | F4: — | G4: Completed/awaiting adoption; status unclear | H4: Unclear | I4: Other / status unclear | J4: PARIS21 NSDS table, Jan 2026 | K4: No range or clear status in either table
A5: Africa | B5: Angola* | C5: Plano Estatístico Nacional de Médio Prazo | D5: 2015–2025 | E5: National Strategy for the Development of Statistics | F5: 2015–2025 | G5: Implementing — due for end evaluation & update | H5: No | I5: Expired/expiring — no successor | J5: PARIS21 NSDS table, Jan 2026
A6: Africa | B6: Benin | C6: SNDS-3 | D6: 2020–2023 | E6: Stratégie Nationale de Développement de la Statistique | F6: 2021–2025 | G6: Implementing — due for end evaluation & update | H6: No | I6: Expired/expiring — no successor | J6: PARIS21 NSDS table, Jan 2026 | K6: 2026 table shows range 2021–2023/25
A7: Africa | B7: Botswana* | C7: Transitional Statistics Botswana Strategic Plan | D7: 2023–2024 | E7: Botswana Strategy for the Development of Statistics (BSDS) | F7: 2026–2030 | G7: Finalised and implementing | H7: Yes | I7: Newer NSDS adopted | J7: PARIS21 NSDS table, Jan 2026
A8: Africa | B8: Burkina Faso | C8: Schéma Directeur de la Statistique | D8: 2021–2025 | E8: Schéma Directeur de la Statistique (SDS) | F8: 2026–2030 | G8: Finalised and implementing | H8: Yes | I8: Newer NSDS adopted | J8: PARIS21 NSDS table, Jan 2026
A9: Africa | B9: Burundi | C9: SNDS | D9: 2022–2026 | E9: SNDS | F9: 2022–2026 | G9: Implementing — evaluation due 2026 | H9: Yes | I9: Still current (covers 2026) | J9: PARIS21 NSDS table, Jan 2026
A10: Africa | B10: Cabo Verde | C10: ENDE | D10: 2022–2026 | E10: SNDS | F10: 2022–2026 | G10: Implementing — evaluation due 2026 | H10: Yes | I10: Still current (covers 2026) | J10: PARIS21 NSDS table, Jan 2026
A11: Africa | B11: Cameroon | C11: SNDS30 | D11: 2021–2030 | E11: SNDS | F11: 2021–2030 | G11: Implementing — mid-term review due | H11: Yes | I11: Still current (covers 2026) | J11: PARIS21 NSDS table, Jan 2026
A12: Africa | B12: Central African Republic | C12: SNDS | D12: 2021–2025 | E12: SNDS | F12: 2021–2025 | G12: Implementing — due for end evaluation & update | H12: No | I12: Expired/expiring — no successor | J12: PARIS21 NSDS table, Jan 2026
A13: Africa | B13: Chad | C13: SNDS2 | D13: 2022–2026 | E13: SNDS | F13: 2022–2026 | G13: Implementing — evaluation due 2026 | H13: Yes | I13: Still current (covers 2026) | J13: PARIS21 NSDS table, Jan 2026
A14: Africa | B14: Comoros | C14: SNDS | D14: 2015–2019 | E14: SNDS | F14: 2026–2030 | G14: NSDS finalised | H14: Yes | I14: Newer NSDS adopted | J14: PARIS21 NSDS table, Jan 2026
A15: Africa | B15: Congo, Rep. | C15: SNDS | D15: 2022–2026 | E15: SNDS | F15: 2022–2026 | G15: Implementing — evaluation due 2026 | H15: Yes | I15: Still current (covers 2026) | J15: PARIS21 NSDS table, Jan 2026
A16: Africa | B16: Congo, Dem. Rep. | C16: SNDS | D16: 2012/13–2017 | E16: SNDS | F16: 2012/13–2017 | G16: Expired | H16: No | I16: Expired/expiring — no successor | J16: PARIS21 NSDS table, Jan 2026
A17: Africa | B17: Côte d'Ivoire | C17: SNDS | D17: 2017–2021 | E17: SNDS | F17: 2026–2030 | G17: Designing | H17: Pending | I17: New NSDS in design/pending | J17: PARIS21 NSDS table, Jan 2026 | K17: Will cover 2026 once adopted
A18: Africa | B18: Djibouti | C18: SNDS | D18: 2018–2022 | E18: SNDS | F18: 2025–2029 | G18: Implementing — mid-term review due | H18: Yes | I18: Newer NSDS adopted | J18: PARIS21 NSDS table, Jan 2026
A19: Africa | B19: Egypt* | C19: National Strategy for the Development of Statistics | D19: 2017–2021 | E19: National Strategy of Statistics | F19: 2017–2021 | G19: Expired | H19: No | I19: Expired/expiring — no successor | J19: PARIS21 NSDS table, Jan 2026 | K19: 2024 table noted 'being finalised'
A20: Africa | B20: Equatorial Guinea* | C20: SNDS | D20: 2022–2026 | E20: SNDS | F20: 2022–2026 | G20: Implementing — evaluation due 2026 | H20: Yes | I20: Still current (covers 2026) | J20: PARIS21 NSDS table, Jan 2026
A21: Africa | B21: Eritrea | C21: Master plan for development economics statistics | D21: 2010–2014 | E21: Statistical Master Plan | F21: 2023–2026 | G21: Implementing — mid-term review due | H21: Yes | I21: Newer NSDS adopted | J21: PARIS21 NSDS table, Jan 2026
A22: Africa | B22: Ethiopia | C22: Ethiopian Statistical Development Program | D22: 2023/24–2025/26 | E22: National Strategy for the Development of Statistics | F22: 2021–2026 | G22: Implementing — evaluation due 2026 | H22: Yes | I22: Still current (covers 2026) | J22: PARIS21 NSDS table, Jan 2026
A23: Africa | B23: Gabon* | C23: (unnamed) | D23: 2016–2019 | E23: SNDS | F23: 2023–2025 | G23: Implementing — due for end evaluation & update | H23: No | I23: Newer NSDS adopted | J23: PARIS21 NSDS table, Jan 2026 | K23: Newer than 2024 entry but itself now expiring
A24: Africa | B24: Gambia | C24: NSDS III | D24: 2024–2028 | E24: National Strategy for the Development of Statistics | F24: 2024–2028 | G24: Implementing — mid-term review due | H24: Yes | I24: Still current (covers 2026) | J24: PARIS21 NSDS table, Jan 2026
A25: Africa | B25: Ghana | C25: Ghana Statistical Service Corporate Plan | D25: 2020–2024 | E25: (new NSDS being designed) | F25: — | G25: Designing | H25: No | I25: New NSDS in design/pending | J25: PARIS21 NSDS table, Jan 2026 | K25: 2026 table still references a 2018–2022 NSDS
A26: Africa | B26: Guinea | C26: SNDS | D26: 2021–2025 | E26: SNDS | F26: 2021–2025 | G26: Implementing — due for end evaluation & update | H26: No | I26: Expired/expiring — no successor | J26: PARIS21 NSDS table, Jan 2026
A27: Africa | B27: Guinea-Bissau | C27: ENDE | D27: 2021–2024 | E27: ENDE | F27: 2021–2024 | G27: Implementing — due for end evaluation & update | H27: No | I27: Expired/expiring — no successor | J27: PARIS21 NSDS table, Jan 2026
A28: Africa | B28: Kenya | C28: National Strategy for the Development of Statistics | D28: 2023–2027 | E28: Kenya Strategy for Development of Statistics (KSDS) | F28: 2023–2028 | G28: Implementing — mid-term review due | H28: Yes | I28: Still current (covers 2026) | J28: PARIS21 NSDS table, Jan 2026
A29: Africa | B29: Lesotho | C29: National Strategy for the Development of Statistics | D29: 2021/22–2025/26 | E29: National Strategy for the Development of Statistics | F29: 2022–2027 | G29: Implementing — mid-term review due | H29: Yes | I29: Still current (covers 2026) | J29: PARIS21 NSDS table, Jan 2026
A30: Africa | B30: Liberia | C30: National Strategy for the Development of Statistics | D30: 2018–2022 | E30: National Strategy for the Development of Statistics | F30: — | G30: Designing | H30: No | I30: New NSDS in design/pending | J30: PARIS21 NSDS table, Jan 2026
A31: Africa | B31: Libya* | C31: National Strategy for the Development of Statistics | D31: 2018–2023 | E31: National Statistics Development Strategy | F31: 2018–2023 | G31: Implementing — due for end evaluation & update | H31: No | I31: Expired/expiring — no successor | J31: PARIS21 NSDS table, Jan 2026
A32: Africa | B32: Madagascar | C32: Deuxième SNDS | D32: 2023–2030 | E32: SNDS | F32: 2023–2030 | G32: Implementing — mid-term review due | H32: Yes | I32: Still current (covers 2026) | J32: PARIS21 NSDS table, Jan 2026
A33: Africa | B33: Malawi | C33: National Statistical System Strategic Plan | D33: 2019–2023 | E33: National Statistical System Strategic Plan | F33: 2026–2030 | G33: Finalised and implementing | H33: Yes | I33: Newer NSDS adopted | J33: PARIS21 NSDS table, Jan 2026
A34: Africa | B34: Mali | C34: Schéma Directeur de la Statistique (NSP-3) | D34: 2020–2024 | E34: Schéma Directeur de la Statistique | F34: 2026–2030 | G34: Finalised and implementing | H34: Yes | I34: Newer NSDS adopted | J34: PARIS21 NSDS table, Jan 2026
A35: Africa | B35: Mauritania | C35: SNDDS + Plan d'Actions | D35: 2021–2030 | E35: Stratégie Nationale Décennale pour le Développement de la Statistique (SNDDS) | F35: 2021–2023 | G35: Implementing — due for end evaluation & update | H35: Yes | I35: Discrepancy — verify | J35: PARIS21 NSDS table, Jan 2026 | K35: 2024 table: decennial to 2030; 2026 table: 2021–2023 — verify
A36: Africa | B36: Mauritius* | C36: Strategy for Official Statistics | D36: 2020–2025 | E36: Strategy for Official Statistics | F36: 2020–2025 | G36: Implementing — due for end evaluation & update | H36: No | I36: Expired/expiring — no successor | J36: PARIS21 NSDS table, Jan 2026
A37: Africa | B37: Morocco* | C37: Plan d'action à long terme de la Direction de la Statistique | D37: — | E37: Plan d'action à long terme de la Direction de la Statistique | F37: — | G37: Expired | H37: No | I37: Expired/expiring — no successor | J37: PARIS21 NSDS table, Jan 2026
A38: Africa | B38: Mozambique | C38: Strategic Plan of the National Statistical System | D38: 2020–2024 | E38: National Strategy for the Development of Statistics | F38: 2025–2029 | G38: Finalised and implementing | H38: Yes | I38: Newer NSDS adopted | J38: PARIS21 NSDS table, Jan 2026
A39: Africa | B39: Namibia* | C39: NSA Strategic Plan | D39: 2022/23–2026/27 | E39: National Strategy for the Development of Statistics | F39: 2023–2027 | G39: Implementing — mid-term review due | H39: Yes | I39: Still current (covers 2026) | J39: PARIS21 NSDS table, Jan 2026
A40: Africa | B40: Niger | C40: SNDS | D40: 2022–2026 | E40: SNDS | F40: 2022–2026 | G40: Implementing — evaluation due 2026 | H40: Yes | I40: Still current (covers 2026) | J40: PARIS21 NSDS table, Jan 2026
A41: Africa | B41: Nigeria | C41: National Strategy for Development of Statistics | D41: 2017–2021 | E41: National Statistics Development Strategy (NSDS) | F41: 2024–2028 | G41: Implementing — mid-term review due | H41: Yes | I41: Newer NSDS adopted | J41: PARIS21 NSDS table, Jan 2026
A42: Africa | B42: Rwanda | C42: NSDS 3 | D42: 2019/20–2023/24 | E42: National Strategy for the Development of Statistics | F42: 2025–2029 | G42: Finalised and implementing | H42: Yes | I42: Newer NSDS adopted | J42: PARIS21 NSDS table, Jan 2026
A43: Africa | B43: São Tomé and Príncipe | C43: Estratégia Nacional para o Desenvolvimento da Estatística | D43: 2018–2021 | E43: SNDS | F43: 2018–2021 | G43: Implementing — due for end evaluation & update | H43: No | I43: Expired/expiring — no successor | J43: PARIS21 NSDS table, Jan 2026
A44: Africa | B44: Senegal | C44: SNDS 3 | D44: 2019–2023 | E44: SNDS | F44: 2025–2029 | G44: Finalised and implementing | H44: Yes | I44: Newer NSDS adopted | J44: PARIS21 NSDS table, Jan 2026
A45: Africa | B45: Seychelles* | C45: NBS Strategic Plan | D45: — | E45: National Strategic Plan for Statistics (NSPS) | F45: 2023–2027 | G45: Implementing — mid-term review due | H45: Yes | I45: Newer NSDS adopted | J45: PARIS21 NSDS table, Jan 2026 | K45: Was 'awaiting adoption' in 2024; now implementing
A46: Africa | B46: Sierra Leone | C46: National Strategy for the Development of Statistics (NSDS 2) | D46: 2016–2020 | E46: National Strategy for the Development of Statistics | F46: 2022–2025 | G46: Implementing — due for end evaluation & update | H46: No | I46: Newer NSDS adopted | J46: PARIS21 NSDS table, Jan 2026 | K46: Newer than 2024 entry but itself now expiring
A47: Africa | B47: Somalia | C47: National Strategy for the Development of Statistics 2 | D47: 2024–2029 | E47: National Strategy for the Development of Statistics | F47: 2024–2029 | G47: Implementing — mid-term review due | H47: Yes | I47: Still current (covers 2026) | J47: PARIS21 NSDS table, Jan 2026
A48: Africa | B48: South Africa* | C48: Statistics South Africa Strategic Plan | D48: 2020/21–2024/25 | E48: Statistics South Africa Strategic Plan | F48: 2020–2025 | G48: Implementing — due for end evaluation & update | H48: No | I48: Expired/expiring — no successor | J48: PARIS21 NSDS table, Jan 2026
A49: Africa | B49: South Sudan | C49: National Strategy for the Development of Statistics | D49: 2014–2020 | E49: Master Plan for Statistics Development in Southern Sudan | F49: 2021–2025 | G49: Implementing — due for end evaluation & update | H49: No | I49: Newer NSDS adopted | J49: PARIS21 NSDS table, Jan 2026 | K49: Newer than 2024 entry but itself now expiring
A50: Africa | B50: Sudan | C50: National Strategy for Development of Statistics | D50: 2017–2021 | E50: National Strategy for Development of Statistics | F50: 2017–2021 | G50: Implementing — due for end evaluation & update | H50: No | I50: Expired/expiring — no successor | J50: PARIS21 NSDS table, Jan 2026
A51: Africa | B51: Eswatini* | C51: Strategic plan for central statistical office | D51: 2016–2020 | E51: (new NSDS being designed) | F51: — | G51: Designing | H51: No | I51: New NSDS in design/pending | J51: PARIS21 NSDS table, Jan 2026
A52: Africa | B52: Tanzania | C52: Tanzania Statistical Master Plan Phase Two (TSMP II) | D52: 2022/23–2026/27 | E52: Tanzania Statistical Master Plan | F52: 2022–2027 | G52: Implementing — mid-term review due | H52: Yes | I52: Still current (covers 2026) | J52: PARIS21 NSDS table, Jan 2026
A53: Africa | B53: Togo | C53: SNDS | D53: 2020–2024 | E53: SNDS | F53: 2020–2025 | G53: Implementing — due for end evaluation & update | H53: No | I53: Expired/expiring — no successor | J53: PARIS21 NSDS table, Jan 2026
A54: Africa | B54: Tunisia* | C54: Le Programme National de la Statistique | D54: 2016–2020 | E54: Le Programme National de la Statistique | F54: 2016–2020 | G54: Implementing — due for end evaluation & update | H54: No | I54: Expired/expiring — no successor | J54: PARIS21 NSDS table, Jan 2026
A55: Africa | B55: Uganda | C55: Third Plan for National Statistical Development (PNSD III) | D55: 2020/21–2024/25 | E55: Plan for National Statistical Development (PNSD) | F55: 2020–2025 | G55: Designing | H55: No | I55: New NSDS in design/pending | J55: PARIS21 NSDS table, Jan 2026
A56: Africa | B56: Zambia | C56: National Strategy for the Development of Statistics (NSDS2) | D56: 2023–2027 | E56: National Strategy for the Development of Statistics | F56: 2023–2027 | G56: Implementing — mid-term review due | H56: Yes | I56: Still current (covers 2026) | J56: PARIS21 NSDS table, Jan 2026
A57: Africa | B57: Zimbabwe | C57: National Strategy for the Development of Statistics II | D57: 2016–2020 | E57: National Strategy for the Development of Statistics | F57: 2021–2025 | G57: Implementing | H57: No | I57: Newer NSDS adopted | J57: PARIS21 NSDS table, Jan 2026 | K57: Newer than 2024 entry but itself now expiring
A58: Asia-Pacific | B58: Afghanistan | C58: Afghanistan National Strategy for Statistics | D58: 2016–2020 | E58: — | F58: — | G58: Expired | H58: No | I58: Expired/expiring — no successor | J58: PARIS21 NSDS table, Jan 2026
A59: Asia-Pacific | B59: Bangladesh | C59: National Strategy for the Development of Statistics | D59: 2013–2023 | E59: National Strategy for the Development of Statistics (NSDS) | F59: — | G59: Finalised, awaiting endorsement | H59: Pending | I59: New NSDS in design/pending | J59: PARIS21 NSDS table, Jan 2026
A60: Asia-Pacific | B60: Bhutan | C60: National Statistics Development Strategy | D60: 2019–2023 | E60: National Strategy for the Development of Statistics (NSDS) | F60: 2024–2029 | G60: Ongoing | H60: Yes | I60: Newer NSDS adopted | J60: PARIS21 NSDS table, Jan 2026
A61: Asia-Pacific | B61: Cambodia* | C61: National Strategy for the Development of Statistics | D61: 2019–2023 | E61: National Strategy for the Development of Statistics (NSDS) | F61: 2019–2023 | G61: Expired | H61: No | I61: Expired/expiring — no successor | J61: PARIS21 NSDS table, Jan 2026
A62: Asia-Pacific | B62: Cook Islands* | C62: Strategy for Development of Statistics | D62: 2015–2025 | E62: Cook Islands Strategy for the Development of Statistics (CSDS) | F62: 2015–2025 | G62: Ongoing — evaluation due 2025 | H62: No | I62: Expired/expiring — no successor | J62: PARIS21 NSDS table, Jan 2026
A63: Asia-Pacific | B63: Fiji | C63: No strategy | D63: — | E63: — | F63: — | G63: No strategy / being designed | H63: No | I63: No strategy | J63: PARIS21 NSDS table, Jan 2026
A64: Asia-Pacific | B64: India* | C64: Strategic Plan | D64: 2011–2016 | E64: — | F64: — | G64: No current dated NSDS identified | H64: No | I64: Expired/expiring — no successor | J64: Manual web check, May 2026 | K64: Dropped from PARIS21 2026 table; no successor located
A65: Asia-Pacific | B65: Indonesia* | C65: National Statistical Plan | D65: 2021–2024 | E65: — | F65: — | G65: No successor NSDS identified | H65: No | I65: Expired/expiring — no successor | J65: Manual web check, May 2026 | K65: Dropped from PARIS21 2026 table
A66: Asia-Pacific | B66: Iraq* | C66: Statistical Master Plan | D66: 2010–2014 | E66: — | F66: — | G66: No NSDS identified | H66: No | I66: Expired/expiring — no successor | J66: Manual web check, May 2026 | K66: First census in ~30 years held 2024; no NSDS located
A67: Asia-Pacific | B67: Jordan* | C67: National Strategy for Development of Statistics | D67: 2018–2022 | E67: National Strategy for the Development of Statistics (NSDS) | F67: 2018–2022 | G67: Designing | H67: No | I67: New NSDS in design/pending | J67: PARIS21 NSDS table, Jan 2026
A68: Asia-Pacific | B68: Kiribati | C68: No strategy | D68: — | E68: National Strategy for the Development of Statistics | F68: 2024–2029 | G68: Implementing | H68: Yes | I68: Newer NSDS adopted | J68: PARIS21 NSDS table, Jan 2026
A69: Asia-Pacific | B69: Korea, Dem. People's Rep.* | C69: No strategy | D69: — | E69: — | F69: — | G69: No strategy | H69: No | I69: No strategy | J69: Manual web check, May 2026 | K69: No public information available
A70: Asia-Pacific | B70: Kyrgyzstan | C70: Medium-term Program for development of official statistics | D70: 2022–2026 | E70: Medium-term Program for development of official statistics | F70: 2022–2026 | G70: Ongoing — evaluation due 2026 | H70: Yes | I70: Still current (covers 2026) | J70: PARIS21 NSDS table, Jan 2026
A71: Asia-Pacific | B71: Lao PDR | C71: Strategy for the Sustainable Development of the NSS | D71: 2016–2025 | E71: Strategy for the Development of the National Statistical System (SD NSS) | F71: 2016–2025 | G71: Ongoing — evaluation due 2025 | H71: No | I71: Expired/expiring — no successor | J71: PARIS21 NSDS table, Jan 2026
A72: Asia-Pacific | B72: Maldives | C72: National Strategy for the Development of Statistics | D72: 2021–2030 | E72: National Strategy for the Development of Statistics (NSDS) | F72: 2021–2030 | G72: Ongoing — mid-term evaluation due 2025 | H72: Yes | I72: Still current (covers 2026) | J72: PARIS21 NSDS table, Jan 2026
A73: Asia-Pacific | B73: Marshall Islands | C73: No strategy | D73: — | E73: — | F73: — | G73: No strategy | H73: No | I73: No strategy | J73: PARIS21 NSDS table, Jan 2026
A74: Asia-Pacific | B74: Micronesia, Fed. Sts. | C74: No strategy | D74: — | E74: — | F74: — | G74: No strategy | H74: No | I74: No strategy | J74: PARIS21 NSDS table, Jan 2026
A75: Asia-Pacific | B75: Mongolia | C75: Strategic Plan for Development of Statistics | D75: 2021–2025 | E75: Strategic Plan for Development of Statistics | F75: 2021–2025 | G75: Expiring — no successor identified | H75: No | I75: Expired/expiring — no successor | J75: Manual web check, May 2026 | K75: Dropped from PARIS21 2026 table
A76: Asia-Pacific | B76: Myanmar | C76: National Strategy for the Development of Statistics (Core Strategies) | D76: 2018/19–2022/23 | E76: National Strategy for the Development of Statistics (NSDS) | F76: 2018/19–2022/23 | G76: Expired | H76: No | I76: Expired/expiring — no successor | J76: PARIS21 NSDS table, Jan 2026
A77: Asia-Pacific | B77: Nauru* | C77: No strategy (being designed) | D77: — | E77: — | F77: — | G77: NSDS not yet completed | H77: No | I77: No strategy | J77: Manual web check (SPC), May 2026 | K77: Listed by SPC among countries without a completed NSDS
A78: Asia-Pacific | B78: Nepal | C78: National Strategy for the Development of Statistics II | D78: 2018/19–2022/23 | E78: National Strategy for the Development of Statistics II | F78: 2018–2022 | G78: Expired | H78: No | I78: Expired/expiring — no successor | J78: PARIS21 NSDS table, Jan 2026
A79: Asia-Pacific | B79: Pakistan | C79: National Strategy for the Development of Statistics | D79: 2021–2030 | E79: National Strategy for the Development of Statistics (NSDS) | F79: 2021–2030 | G79: Ongoing | H79: Yes | I79: Still current (covers 2026) | J79: PARIS21 NSDS table, Jan 2026
A80: Asia-Pacific | B80: Palau* | C80: No strategy | D80: — | E80: — | F80: — | G80: No NSDS | H80: No | I80: No strategy | J80: Manual web check (SPC), May 2026 | K80: Listed by SPC among countries without an NSDS
A81: Asia-Pacific | B81: Palestinian Authority* | C81: Palestine Data Strategy (PDS) | D81: 2022–2026 | E81: National Strategy for the Development of Official Statistics (NSDS) | F81: 2018–2022 | G81: Implementing | H81: Yes | I81: Discrepancy — verify | J81: PARIS21 NSDS table, Jan 2026 | K81: 2024 table: PDS 2022–2026; 2026 table: 2018–2022 — verify
A82: Asia-Pacific | B82: Papua New Guinea | C82: Strategy for the Development of Statistics | D82: 2018–2027 | E82: Strategy for the Development of Statistics | F82: 2018–2027 | G82: Implementing | H82: Yes | I82: Still current (covers 2026) | J82: PARIS21 NSDS table, Jan 2026
A83: Asia-Pacific | B83: Philippines* | C83: Philippine Statistical Development Programme (PSDP) | D83: 2023–2029 | E83: Philippine Statistical Development Programme (PSDP) | F83: 2023–2029 | G83: Implementing | H83: Yes | I83: Still current (covers 2026) | J83: Manual web check, May 2026 | K83: Dropped from PARIS21 2026 table; PSDP still current
A84: Asia-Pacific | B84: Samoa | C84: Samoa Statistics Strategy | D84: 2022–2026 | E84: Samoa Statistics Strategy | F84: 2022–2026 | G84: Implementing | H84: Yes | I84: Still current (covers 2026) | J84: PARIS21 NSDS table, Jan 2026
A85: Asia-Pacific | B85: Solomon Islands | C85: National Strategy for the Development of Statistics | D85: 2016–2035 | E85: National Strategy for the Development of Statistics | F85: 2016–2035 | G85: Implementing | H85: Yes | I85: Still current (covers 2026) | J85: PARIS21 NSDS table, Jan 2026
A86: Asia-Pacific | B86: Sri Lanka* | C86: No strategy | D86: — | E86: — | F86: — | G86: No strategy | H86: No | I86: No strategy | J86: PARIS21 NSDS table, Jan 2026
A87: Asia-Pacific | B87: Syrian Arab Republic | C87: Strategy for Statistical Capacity Building in Syria | D87: 2006–2010 | E87: — | F87: — | G87: Expired | H87: No | I87: Expired/expiring — no successor | J87: PARIS21 NSDS table, Jan 2026
A88: Asia-Pacific | B88: Tajikistan | C88: National Strategy on Development of Statistical System | D88: 2021–2030 | E88: National Strategy on Development of Statistical System | F88: 2021–2030 | G88: Implementing — mid-term evaluation due 2025 | H88: Yes | I88: Still current (covers 2026) | J88: PARIS21 NSDS table, Jan 2026 | K88: Was 'expired/being designed' in 2024; now implementing
A89: Asia-Pacific | B89: Thailand* | C89: Thailand Statistics System Master Plan No. 3 | D89: 2023–2027 | E89: Thailand Statistics System Master Plan No. 3 | F89: 2023–2027 | G89: Implementing | H89: Yes | I89: Still current (covers 2026) | J89: PARIS21 NSDS table, Jan 2026
A90: Asia-Pacific | B90: Timor-Leste | C90: National Statistical Plan | D90: 2023–2030 | E90: National Statistical Plan | F90: 2023–2030 | G90: Implementing | H90: Yes | I90: Still current (covers 2026) | J90: PARIS21 NSDS table, Jan 2026
A91: Asia-Pacific | B91: Tokelau* | C91: No strategy | D91: — | E91: — | F91: — | G91: No strategy | H91: No | I91: No strategy | J91: Manual web check, May 2026 | K91: No NSDS located
A92: Asia-Pacific | B92: Tonga | C92: Tonga Strategy for Development of Statistics | D92: 2019–2023 | E92: Tonga Strategy for Development of Statistics | F92: 2025–2030 | G92: Implementing | H92: Yes | I92: Newer NSDS adopted | J92: PARIS21 NSDS table, Jan 2026
A93: Asia-Pacific | B93: Turkmenistan* | C93: State Program of Transition of Statistics System to Int'l Standards | D93: 2010–2012 | E93: — | F93: — | G93: No statistics-specific strategy identified | H93: No | I93: Expired/expiring — no successor | J93: Manual web check, May 2026 | K93: Dropped from PARIS21 2026 table
A94: Asia-Pacific | B94: Tuvalu | C94: (unnamed) | D94: — | E94: National Strategy for the Development of Statistics | F94: 2020–2024 | G94: Expired | H94: No | I94: Expired/expiring — no successor | J94: PARIS21 NSDS table, Jan 2026 | K94: 2024 table listed 'implementation' without a range
A95: Asia-Pacific | B95: Uzbekistan | C95: National Strategy for the Development of Statistics | D95: 2020–2024 | E95: National Strategy for the Development of Statistics | F95: — | G95: Implementing — evaluation due 2025 | H95: Unclear | I95: Other / status updated | J95: PARIS21 NSDS table, Jan 2026 | K95: 2026 table shows 'implementing' but no dated range
A96: Asia-Pacific | B96: Vanuatu | C96: National Strategy for the Development of Statistics | D96: 2022–2026 | E96: National Strategy for the Development of Statistics | F96: 2024–2028 | G96: Implementing | H96: Yes | I96: Newer NSDS adopted | J96: PARIS21 NSDS table, Jan 2026 | K96: 2024: 'awaiting adoption' 2022–2026; 2026: implementing 2024–2028
A97: Asia-Pacific | B97: Viet Nam* | C97: Vietnam Statistical Development Strategy | D97: 2011–2020 | E97: Vietnam Statistical Development Strategy (vision to 2045) | F97: 2021–2030 | G97: Implementing | H97: Yes | I97: Newer NSDS adopted | J97: Manual web check, May 2026 | K97: Approved Dec 2021 (Decision 2014/QĐ-TTg); 2024 table entry was outdated
A98: Asia-Pacific | B98: Yemen, Rep. | C98: First national strategy of the Central Bureau of Statistics (Roadmap) | D98: 2023– | E98: — | F98: — | G98: Expired | H98: No | I98: Expired/expiring — no successor | J98: PARIS21 NSDS table, Jan 2026
A99: Eastern Europe | B99: Armenia* | C99: Five-year Statistical Program | D99: 2019–2023 | E99: Three-Year State Statistical Work Program | F99: rolling | G99: Implementing (rolling 3-year program) | H99: Yes | I99: Other / status updated | J99: Manual web check, May 2026 | K99: Moved from 5-year to rolling 3-year programs; current program in effect, exact span unconfirmed
A100: Eastern Europe | B100: Bosnia and Herzegovina* | C100: Statistical Programme of Bosnia and Herzegovina | D100: 2021–2024 | E100: Statistical Programme of Bosnia and Herzegovina | F100: 2025–2028 | G100: Implementing | H100: Yes | I100: Newer NSDS adopted | J100: Manual web check, May 2026 | K100: Dropped from PARIS21 2026 table
...

Sheet Summary
A1: Summary — NSDS status vs the 2024 PARIS21 table
A3: Category | B3: Count | C3: Share
A4: Newer NSDS adopted | B4: =COUNTIF('NSDS Status (Consolidated)'!I$4:I$123,A4) -> 27 | C4: =B4/$B$12 -> 0.225
A5: New NSDS in design/pending | B5: =COUNTIF('NSDS Status (Consolidated)'!I$4:I$123,A5) -> 8 | C5: =B5/$B$12 -> 0.066666667
A6: Still current (covers 2026) | B6: =COUNTIF('NSDS Status (Consolidated)'!I$4:I$123,A6) -> 29 | C6: =B6/$B$12 -> 0.24166667
A7: Expired/expiring — no successor | B7: =COUNTIF('NSDS Status (Consolidated)'!I$4:I$123,A7) -> 36 | C7: =B7/$B$12 -> 0.3
A8: No strategy | B8: =COUNTIF('NSDS Status (Consolidated)'!I$4:I$123,A8) -> 14 | C8: =B8/$B$12 -> 0.11666667
A9: Discrepancy — verify | B9: =COUNTIF('NSDS Status (Consolidated)'!I$4:I$123,A9) -> 3 | C9: =B9/$B$12 -> 0.025
A10: Other / status updated | B10: =COUNTIF('NSDS Status (Consolidated)'!I$4:I$123,A10) -> 2 | C10: =B10/$B$12 -> 0.016666667
A11: Other / status unclear | B11: =COUNTIF('NSDS Status (Consolidated)'!I$4:I$123,A11) -> 1 | C11: =B11/$B$12 -> 0.0083333333
A12: TOTAL | B12: =SUM(B4:B11) -> 120 | C12: =SUM(C4:C11) -> 1
A14: Covers 2026? | B14: Count
A15: Yes | B15: =COUNTIF('NSDS Status (Consolidated)'!H$4:H$123,A15) -> 53
A16: No | B16: =COUNTIF('NSDS Status (Consolidated)'!H$4:H$123,A16) -> 60
A17: Pending | B17: =COUNTIF('NSDS Status (Consolidated)'!H$4:H$123,A17) -> 2
A18: Unclear | B18: =COUNTIF('NSDS Status (Consolidated)'!H$4:H$123,A18) -> 5
A20: Method: Each country from the 2024 PARIS21 NSDS Summary Table was checked against PARIS21's January 2026 table. The ~23 countries PARIS21 dropped from the 2026 edition were verified via individual web searches in May 2026. 'Newer NSDS adopted' = a more recent strategy than the 2024 entry. 'Discrepancy — verify' = the 2024 and 2026 PARIS21 tables conflict. Entries marked '—' had no name/range available in the source.
